,Cause (X),Outcome (Y),Total Effect (TE),Direct Effect (NDE),Actual Effect
0,ndhD_116281,ndhD_116290,0.5551107156979168,,0.5551107156979168
1,ndhD_116290,ndhD_116494,0.20357894016854783,,0.20357894016854783
2,ndhD_116281,ndhD_116494,0.25888620572784493,0.14587735454985895,0.14587735454985895
3,ndhD_116494,ndhD_116785,0.140605535201073,,0.140605535201073
4,ndhD_116290,ndhD_117166,0.11011369531807834,,0.11011369531807834
5,ndhD_116281,ndhD_116785,0.13767440546799548,0.08970126747893152,0.08970126747893152
6,ndhD_116290,ndhD_116785,0.08642084656706617,0.05779652072900028,0.05779652072900028
7,ndhD_116281,ndhD_117166,0.08692029599503097,0.025795003778870153,0.025795003778870153
