,Cause (X),Outcome (Y),Total Effect (TE),Direct Effect (NDE),Actual Effect
0,ndhD_116290,ndhD_116281,0.5435305206001873,,0.5435305206001873
1,ndhD_116494,ndhD_116290,0.5005592037809263,0.4519129261336716,0.4519129261336716
2,ndhD_116785,ndhD_116290,0.23884014940548925,,0.23884014940548925
3,ndhD_116494,ndhD_116281,0.4924765301535381,0.22050106574493977,0.22050106574493977
4,ndhD_116494,ndhD_116785,0.20364173889671155,,0.20364173889671155
5,ndhD_116785,ndhD_116281,0.2755993062840286,0.14582712336676754,0.14582712336676754
6,ndhD_117166,ndhD_116290,0.06787631128906235,,0.06787631128906235
7,ndhD_117166,ndhD_116281,0.05839133577685551,0.020726544045803805,0.020726544045803805
