,Cause (X),Outcome (Y),Total Effect (TE),Direct Effect (NDE),Actual Effect
0,ndhB_97016,ndhB_96579,0.4066002490659891,,0.4066002490659891
1,ndhB_96457,ndhB_96698,0.37327864443250547,,0.37327864443250547
2,ndhB_96579,ndhB_96419,0.3350465120776742,,0.3350465120776742
3,ndhB_95225,ndhB_94999,0.16385942840552414,,0.16385942840552414
4,ndhB_97016,ndhB_96419,0.175974133145276,0.03974413788580272,0.03974413788580272
