,Cause (X),Outcome (Y),Total Effect (TE),Direct Effect (NDE),Actual Effect
0,ndhD_116281,ndhD_116290,0.5323191475659442,,0.5323191475659442
1,ndhD_116785,ndhD_116281,0.41597582114753845,,0.41597582114753845
2,ndhD_116785,ndhD_116494,0.3232838010168906,0.2287651521423975,0.2287651521423975
3,ndhD_116290,ndhD_116494,0.1864321554355437,,0.1864321554355437
4,ndhD_116785,ndhD_116290,0.38407279760956037,0.1626601589149358,0.1626601589149358
5,ndhD_116281,ndhD_116494,0.2272412581982226,0.1279987827907143,0.1279987827907143
6,ndhD_117166,ndhD_116290,0.055029476530989,,0.055029476530989
7,ndhD_117166,ndhD_116494,0.026098480111472977,0.01686896343519987,0.01686896343519987
