;Reference model;Causal model;Scores;Difference;Best BIC
0;-11702.945513006338;HC;-11112.697826217736;590.2476867886016;HC
1;-11702.945513006338;PC;-7503.099310664191;4199.846202342147;PC
2;-11702.945513006338;LiNGAM;-7710.919788637093;3992.025724369245;LiNGAM
3;-11702.945513006338;NOTEARS;-11127.332452718696;575.6130602876401;NOTEARS