;Reference model;Causal model;Scores;Difference;Best BIC
0;-5023.775842296271;HC;-7452.87342322326;2429.0975809269894;Reference Model
1;-5023.775842296271;PC;-5584.1735670964845;560.3977248002138;Reference Model
2;-5023.775842296271;LiNGAM;-7648.3877894424795;2624.611947146209;Reference Model
3;-5023.775842296271;NOTEARS;-4320.12674296318;703.6490993330908;NOTEARS