;Reference model;Causal model;Scores;Difference;Best Log-Likelihood
0;-11653.719455323708;HC;-11072.411210819224;581.3082445044838;HC
1;-11653.719455323708;PC;-7471.761416996808;4181.958038326899;PC
2;-11653.719455323708;LiNGAM;-7679.5799363328415;3974.1395189908662;LiNGAM
3;-11653.719455323708;NOTEARS;-11087.04385773003;566.6755975936776;NOTEARS