;Reference model;Causal model;Scores;Difference;Best Log-Likelihood
0;-4816.610403749959;HC;-7374.718128452214;2558.107724702255;Reference Model
1;-4816.610403749959;PC;-5535.149635586908;718.5392318369486;Reference Model
2;-4816.610403749959;LiNGAM;-7569.4052988117155;2752.7948950617565;Reference Model
3;-4816.610403749959;NOTEARS;-4267.779483892133;548.8309198578263;NOTEARS